timestamp_id,ciclo,data_registro,modulo_id,nome_modulo,tipo_modulo,essencial,codigo_sensor_hex,temperatura_c,pressao_kpa,radiacao_msv,tensao_v,corrente_a,potencia_w,limite_potencia_w,latencia_observada_ms,latencia_prevista_original_ms,status_operacional,prioridade,mensagem_alerta,tipo_armazenamento_dados,tipo_comunicacao,tipo_controle,tipo_habitacao,tipo_laboratorio,tipo_producao_oxigenio,tipo_suporte_medico,latencia_prevista_ms,erro_absoluto_ms,erro_relativo_pct,faixa_erro,conjunto
1,1,2026-10-01,MOD-01,Habitação Alfa,habitacao,1,0x1A,5.79,0.807,2.16,233.95,7.35,1719.53,6800.0,44.32,38.86,ativo,4,Operação nominal,0.0,0.0,0.0,1.0,0.0,0.0,0.0,41.1,3.22,7.27,ATENÇÃO,teste
2,1,2026-10-01,MOD-02,Comunicação Central,comunicacao,1,0x2B,-28.48,1.149,1.65,236.46,16.09,3804.64,6500.0,29.25,29.55,ativo,3,Operação nominal,0.0,1.0,0.0,0.0,0.0,0.0,0.0,30.2,0.95,3.25,ACEITÁVEL,treino
3,1,2026-10-01,MOD-03,Controle de Missão,controle,1,0x3B,4.44,0.748,2.43,237.86,24.46,5818.06,6600.0,48.35,39.1,alerta,4,Radiação elevada no módulo,0.0,0.0,1.0,0.0,0.0,0.0,0.0,46.16,2.19,4.53,ACEITÁVEL,treino
4,1,2026-10-01,MOD-04,Laboratório Científico,laboratorio,0,0x4B,3.3,1.177,0.88,227.41,16.74,3806.84,6200.0,46.42,54.55,ativo,2,Operação nominal,0.0,0.0,0.0,0.0,1.0,0.0,0.0,49.01,2.59,5.58,ATENÇÃO,treino
5,1,2026-10-01,MOD-05,Suporte Médico,suporte_medico,1,0x5A,-22.84,1.083,1.78,226.25,25.81,5839.51,7000.0,49.13,46.75,ativo,4,Operação nominal,0.0,0.0,0.0,0.0,0.0,0.0,1.0,48.0,1.13,2.3,ACEITÁVEL,teste
6,1,2026-10-01,MOD-06,Estufa Agrícola,agricultura,0,0x6A,-43.01,0.505,1.99,233.3,22.63,5279.58,6400.0,71.29,67.52,ativo,1,Operação nominal,0.0,0.0,0.0,0.0,0.0,0.0,0.0,75.18,3.89,5.46,ATENÇÃO,treino
7,1,2026-10-01,MOD-07,Armazenamento de Dados,armazenamento_dados,0,0x7A,-3.19,0.83,1.46,235.3,20.87,4910.71,6300.0,40.2,40.32,manutencao,1,Manutenção preventiva agendada,1.0,0.0,0.0,0.0,0.0,0.0,0.0,41.52,1.32,3.28,ACEITÁVEL,treino
8,1,2026-10-01,MOD-08,Produção de Oxigênio,producao_oxigenio,1,0x8B,-41.76,0.786,2.15,224.68,6.46,1451.43,6900.0,44.72,36.85,ativo,4,Operação nominal,0.0,0.0,0.0,0.0,0.0,1.0,0.0,41.23,3.49,7.8,ATENÇÃO,treino
9,2,2026-10-02,MOD-01,Habitação Alfa,habitacao,1,0x1B,-3.53,0.784,2.05,223.34,5.57,1244.0,6800.0,43.63,38.35,ativo,4,Operação nominal,0.0,0.0,0.0,1.0,0.0,0.0,0.0,41.65,1.98,4.54,ACEITÁVEL,treino
10,2,2026-10-02,MOD-02,Comunicação Central,comunicacao,1,0x2B,-47.05,0.987,1.17,227.62,12.54,2854.35,6500.0,22.72,27.48,ativo,3,Operação nominal,0.0,1.0,0.0,0.0,0.0,0.0,0.0,27.8,5.08,22.36,PREOCUPANTE,treino
11,2,2026-10-02,MOD-03,Controle de Missão,controle,1,0x3B,17.23,0.99,0.74,239.38,24.47,5857.63,6600.0,34.29,40.31,ativo,3,Operação nominal,0.0,0.0,1.0,0.0,0.0,0.0,0.0,37.95,3.66,10.67,ATENÇÃO,teste
12,2,2026-10-02,MOD-04,Laboratório Científico,laboratorio,0,0x4B,-21.26,0.642,0.83,231.58,9.42,2181.48,6200.0,43.01,47.1,ativo,1,Operação nominal,0.0,0.0,0.0,0.0,1.0,0.0,0.0,48.2,5.19,12.07,ATENÇÃO,teste
13,2,2026-10-02,MOD-05,Suporte Médico,suporte_medico,1,0x5B,-10.35,0.955,0.3,228.32,6.04,1379.05,7000.0,27.77,34.5,ativo,3,Operação nominal,0.0,0.0,0.0,0.0,0.0,0.0,1.0,28.93,1.16,4.18,ACEITÁVEL,treino
14,2,2026-10-02,MOD-06,Estufa Agrícola,agricultura,0,0x6A,-45.5,1.148,1.49,226.94,19.77,4486.6,6400.0,63.75,65.24,ativo,1,Operação nominal,0.0,0.0,0.0,0.0,0.0,0.0,0.0,68.3,4.55,7.14,ATENÇÃO,treino
15,2,2026-10-02,MOD-07,Armazenamento de Dados,armazenamento_dados,0,0x7A,-18.63,0.843,2.35,231.43,16.84,3897.28,6300.0,43.39,36.96,alerta,1,Radiação elevada no módulo,1.0,0.0,0.0,0.0,0.0,0.0,0.0,43.81,0.42,0.97,ACEITÁVEL,treino
16,2,2026-10-02,MOD-08,Produção de Oxigênio,producao_oxigenio,1,0x8B,10.23,1.127,0.44,231.08,7.71,1781.63,6900.0,32.04,36.86,ativo,4,Operação nominal,0.0,0.0,0.0,0.0,0.0,1.0,0.0,29.15,2.89,9.02,ATENÇÃO,treino
17,3,2026-10-03,MOD-01,Habitação Alfa,habitacao,1,0x1B,-50.84,1.141,0.65,220.75,18.87,4165.55,6800.0,46.19,49.63,ativo,3,Operação nominal,0.0,0.0,0.0,1.0,0.0,0.0,0.0,45.44,0.75,1.62,ACEITÁVEL,treino
18,3,2026-10-03,MOD-02,Comunicação Central,comunicacao,1,0x2B,-35.27,0.861,0.71,238.72,9.12,2177.13,6500.0,18.36,25.08,ativo,3,Operação nominal,0.0,1.0,0.0,0.0,0.0,0.0,0.0,21.61,3.25,17.7,PREOCUPANTE,treino
19,3,2026-10-03,MOD-03,Controle de Missão,controle,1,0x3A,15.72,1.125,1.35,226.32,24.3,5499.58,6600.0,37.91,38.09,ativo,3,Operação nominal,0.0,0.0,1.0,0.0,0.0,0.0,0.0,40.9,2.99,7.89,ATENÇÃO,teste
20,3,2026-10-03,MOD-04,Laboratório Científico,laboratorio,0,0x4B,19.63,0.669,0.39,236.62,8.83,2089.35,6200.0,39.86,47.88,ativo,2,Operação nominal,0.0,0.0,0.0,0.0,1.0,0.0,0.0,41.51,1.65,4.14,ACEITÁVEL,treino
21,3,2026-10-03,MOD-05,Suporte Médico,suporte_medico,1,0x5B,22.61,0.851,0.45,220.28,10.74,2365.81,7000.0,25.61,36.19,ativo,4,Operação nominal,0.0,0.0,0.0,0.0,0.0,0.0,1.0,31.67,6.06,23.66,PREOCUPANTE,treino
22,3,2026-10-03,MOD-06,Estufa Agrícola,agricultura,0,0x6A,-10.61,0.64,2.03,234.31,23.47,5499.26,6400.0,73.55,68.53,ativo,2,Operação nominal,0.0,0.0,0.0,0.0,0.0,0.0,0.0,72.43,1.12,1.52,ACEITÁVEL,treino
23,3,2026-10-03,MOD-07,Armazenamento de Dados,armazenamento_dados,0,0x7A,-18.47,0.964,2.39,225.73,28.12,6347.53,6300.0,52.69,43.82,alerta,2,Sobrecarga de potência no barramento,1.0,0.0,0.0,0.0,0.0,0.0,0.0,49.86,2.83,5.37,ATENÇÃO,treino
24,3,2026-10-03,MOD-08,Produção de Oxigênio,producao_oxigenio,1,0x8B,-24.38,1.176,1.53,238.66,25.11,5992.75,6900.0,50.84,48.51,ativo,3,Operação nominal,0.0,0.0,0.0,0.0,0.0,1.0,0.0,49.19,1.65,3.25,ACEITÁVEL,treino
25,4,2026-10-04,MOD-01,Habitação Alfa,habitacao,1,0x1B,7.73,0.663,1.37,232.12,26.69,6195.28,6800.0,49.47,55.8,ativo,4,Operação nominal,0.0,0.0,0.0,1.0,0.0,0.0,0.0,51.96,2.49,5.03,ATENÇÃO,treino
26,4,2026-10-04,MOD-02,Comunicação Central,comunicacao,1,0x2B,-21.42,0.673,0.67,234.92,25.41,5969.32,6500.0,31.18,39.81,ativo,3,Operação nominal,0.0,1.0,0.0,0.0,0.0,0.0,0.0,34.36,3.18,10.2,ATENÇÃO,treino
27,4,2026-10-04,MOD-03,Controle de Missão,controle,1,0x3A,-33.62,0.601,2.31,223.31,12.12,2706.52,6600.0,37.55,29.99,manutencao,3,Manutenção preventiva agendada,0.0,0.0,1.0,0.0,0.0,0.0,0.0,42.01,4.46,11.88,ATENÇÃO,teste
28,4,2026-10-04,MOD-04,Laboratório Científico,laboratorio,0,0x4A,-55.46,0.914,1.73,227.87,12.95,2950.92,6200.0,52.3,50.91,manutencao,1,Manutenção preventiva agendada,0.0,0.0,0.0,0.0,1.0,0.0,0.0,55.57,3.27,6.25,ATENÇÃO,treino
29,4,2026-10-04,MOD-05,Suporte Médico,suporte_medico,1,0x5A,-39.88,0.675,1.47,228.33,6.23,1422.5,7000.0,34.32,32.16,ativo,4,Operação nominal,0.0,0.0,0.0,0.0,0.0,0.0,1.0,35.43,1.11,3.23,ACEITÁVEL,treino
30,4,2026-10-04,MOD-06,Estufa Agrícola,agricultura,0,0x6B,11.7,1.132,2.45,236.04,24.49,5780.62,6400.0,77.67,69.39,alerta,1,Radiação elevada no módulo,0.0,0.0,0.0,0.0,0.0,0.0,0.0,73.79,3.88,5.0,ACEITÁVEL,treino
31,4,2026-10-04,MOD-07,Armazenamento de Dados,armazenamento_dados,0,0x7A,12.89,0.824,1.02,232.79,11.66,2714.33,6300.0,30.21,32.77,ativo,1,Operação nominal,1.0,0.0,0.0,0.0,0.0,0.0,0.0,32.39,2.18,7.22,ATENÇÃO,treino
32,4,2026-10-04,MOD-08,Produção de Oxigênio,producao_oxigenio,1,0x8B,-28.86,0.729,1.01,233.71,12.42,2902.68,6900.0,42.03,42.01,ativo,3,Operação nominal,0.0,0.0,0.0,0.0,0.0,1.0,0.0,39.88,2.15,5.12,ATENÇÃO,teste
33,5,2026-10-05,MOD-01,Habitação Alfa,habitacao,1,0x1B,12.13,0.957,2.03,230.65,20.82,4802.13,6800.0,50.37,48.71,ativo,4,Operação nominal,0.0,0.0,0.0,1.0,0.0,0.0,0.0,49.59,0.78,1.55,ACEITÁVEL,treino
34,5,2026-10-05,MOD-02,Comunicação Central,comunicacao,1,0x2B,-48.77,0.93,0.33,234.51,7.11,1667.37,6500.0,16.78,22.43,ativo,3,Operação nominal,0.0,1.0,0.0,0.0,0.0,0.0,0.0,19.11,2.33,13.89,ATENÇÃO,treino
35,5,2026-10-05,MOD-03,Controle de Missão,controle,1,0x3B,6.52,1.057,2.37,225.07,19.75,4445.13,6600.0,41.07,34.66,alerta,3,Radiação elevada no módulo,0.0,0.0,1.0,0.0,0.0,0.0,0.0,43.59,2.52,6.14,ATENÇÃO,treino
36,5,2026-10-05,MOD-04,Laboratório Científico,laboratorio,0,0x4A,-20.39,0.866,1.93,235.98,17.3,4082.45,6200.0,59.06,52.18,ativo,2,Operação nominal,0.0,0.0,0.0,0.0,1.0,0.0,0.0,55.97,3.09,5.23,ATENÇÃO,treino
37,5,2026-10-05,MOD-05,Suporte Médico,suporte_medico,1,0x5A,-4.08,0.793,1.96,233.42,13.34,3113.82,7000.0,41.83,38.57,ativo,4,Operação nominal,0.0,0.0,0.0,0.0,0.0,0.0,1.0,40.25,1.58,3.78,ACEITÁVEL,teste
38,5,2026-10-05,MOD-06,Estufa Agrícola,agricultura,0,0x6A,-46.6,0.603,2.35,228.76,14.58,3335.32,6400.0,69.09,63.49,alerta,2,Radiação elevada no módulo,0.0,0.0,0.0,0.0,0.0,0.0,0.0,69.63,0.54,0.78,ACEITÁVEL,treino
39,5,2026-10-05,MOD-07,Armazenamento de Dados,armazenamento_dados,0,0x7B,-28.01,1.191,1.82,239.02,7.96,1902.6,6300.0,28.38,33.04,ativo,1,Operação nominal,1.0,0.0,0.0,0.0,0.0,0.0,0.0,32.36,3.98,14.02,ATENÇÃO,treino
40,5,2026-10-05,MOD-08,Produção de Oxigênio,producao_oxigenio,1,0x8A,-58.95,0.818,2.08,225.91,16.46,3718.48,6900.0,51.23,42.36,ativo,4,Operação nominal,0.0,0.0,0.0,0.0,0.0,1.0,0.0,47.84,3.39,6.62,ATENÇÃO,treino
41,6,2026-10-06,MOD-01,Habitação Alfa,habitacao,1,0x1A,24.75,1.115,0.78,236.74,7.66,1813.43,6800.0,36.77,40.58,manutencao,3,Manutenção preventiva agendada,0.0,0.0,0.0,1.0,0.0,0.0,0.0,33.7,3.07,8.35,ATENÇÃO,teste
42,6,2026-10-06,MOD-02,Comunicação Central,comunicacao,1,0x2A,-47.84,1.044,0.58,238.21,21.41,5100.08,6500.0,41.58,34.03,ativo,4,Operação nominal,0.0,1.0,0.0,0.0,0.0,0.0,0.0,28.25,13.33,32.06,PREOCUPANTE,treino
43,6,2026-10-06,MOD-03,Controle de Missão,controle,1,0x3B,12.2,0.54,2.02,238.56,24.3,5797.01,6600.0,43.03,40.48,ativo,4,Operação nominal,0.0,0.0,1.0,0.0,0.0,0.0,0.0,44.68,1.65,3.83,ACEITÁVEL,treino
44,6,2026-10-06,MOD-04,Laboratório Científico,laboratorio,0,0x4B,3.34,0.941,2.14,223.1,23.37,5213.85,6200.0,64.27,56.75,ativo,2,Operação nominal,0.0,0.0,0.0,0.0,1.0,0.0,0.0,61.05,3.22,5.01,ATENÇÃO,treino
45,6,2026-10-06,MOD-05,Suporte Médico,suporte_medico,1,0x5A,-55.37,0.931,0.2,237.68,22.74,5404.84,7000.0,39.75,46.14,ativo,4,Operação nominal,0.0,0.0,0.0,0.0,0.0,0.0,1.0,39.34,0.41,1.03,ACEITÁVEL,teste
46,6,2026-10-06,MOD-06,Estufa Agrícola,agricultura,0,0x6B,6.65,0.945,1.47,222.9,28.65,6386.09,6400.0,72.56,70.82,ativo,1,Operação nominal,0.0,0.0,0.0,0.0,0.0,0.0,0.0,73.38,0.82,1.13,ACEITÁVEL,teste
47,6,2026-10-06,MOD-07,Armazenamento de Dados,armazenamento_dados,0,0x7B,-47.38,0.856,1.07,229.48,7.98,1831.25,6300.0,31.42,30.56,ativo,2,Operação nominal,1.0,0.0,0.0,0.0,0.0,0.0,0.0,30.82,0.6,1.91,ACEITÁVEL,treino
48,6,2026-10-06,MOD-08,Produção de Oxigênio,producao_oxigenio,1,0x8B,-6.06,0.788,1.08,224.35,19.71,4421.94,6900.0,69.7,44.15,alerta,3,Latência acima do previsto,0.0,0.0,0.0,0.0,0.0,1.0,0.0,45.21,24.49,35.14,PREOCUPANTE,teste
49,7,2026-10-07,MOD-01,Habitação Alfa,habitacao,1,0x1A,-11.91,0.991,1.66,233.05,12.91,3008.68,6800.0,41.66,43.69,ativo,4,Operação nominal,0.0,0.0,0.0,1.0,0.0,0.0,0.0,42.59,0.93,2.23,ACEITÁVEL,treino
50,7,2026-10-07,MOD-02,Comunicação Central,comunicacao,1,0x2A,-16.42,1.016,2.23,238.42,17.59,4193.81,6500.0,38.91,31.41,ativo,3,Operação nominal,0.0,1.0,0.0,0.0,0.0,0.0,0.0,34.15,4.76,12.23,ATENÇÃO,treino
51,7,2026-10-07,MOD-03,Controle de Missão,controle,1,0x3A,-50.15,0.55,2.12,221.11,12.02,2657.74,6600.0,39.06,30.43,ativo,4,Operação nominal,0.0,0.0,1.0,0.0,0.0,0.0,0.0,40.42,1.36,3.48,ACEITÁVEL,treino
52,7,2026-10-07,MOD-04,Laboratório Científico,laboratorio,0,0x4B,10.31,1.1,0.99,223.07,20.02,4465.86,6200.0,50.0,53.9,ativo,1,Operação nominal,0.0,0.0,0.0,0.0,1.0,0.0,0.0,53.96,3.96,7.92,ATENÇÃO,treino
53,7,2026-10-07,MOD-05,Suporte Médico,suporte_medico,1,0x5A,-33.57,0.981,1.79,227.76,21.02,4787.52,7000.0,46.91,43.28,ativo,4,Operação nominal,0.0,0.0,0.0,0.0,0.0,0.0,1.0,45.57,1.34,2.86,ACEITÁVEL,treino
54,7,2026-10-07,MOD-06,Estufa Agrícola,agricultura,0,0x6B,11.09,1.192,1.43,236.78,29.76,7046.57,6400.0,70.7,72.95,alerta,2,Sobrecarga de potência no barramento,0.0,0.0,0.0,0.0,0.0,0.0,0.0,70.72,0.02,0.03,ACEITÁVEL,treino
55,7,2026-10-07,MOD-07,Armazenamento de Dados,armazenamento_dados,0,0x7B,-23.13,0.829,0.46,223.62,27.68,6189.8,6300.0,39.85,44.02,ativo,2,Operação nominal,1.0,0.0,0.0,0.0,0.0,0.0,0.0,40.95,1.1,2.76,ACEITÁVEL,treino
56,7,2026-10-07,MOD-08,Produção de Oxigênio,producao_oxigenio,1,0x8A,-18.07,0.559,0.68,236.87,20.94,4960.06,6900.0,41.54,46.7,manutencao,4,Manutenção preventiva agendada,0.0,0.0,0.0,0.0,0.0,1.0,0.0,42.9,1.36,3.27,ACEITÁVEL,teste
57,8,2026-10-08,MOD-01,Habitação Alfa,habitacao,1,0x1B,-14.14,0.737,2.13,229.65,24.22,5562.12,6800.0,55.97,53.72,ativo,3,Operação nominal,0.0,0.0,0.0,1.0,0.0,0.0,0.0,56.2,0.23,0.41,ACEITÁVEL,treino
58,8,2026-10-08,MOD-02,Comunicação Central,comunicacao,1,0x2A,-31.05,0.849,1.38,222.1,14.96,3322.62,6500.0,26.37,29.3,ativo,3,Operação nominal,0.0,1.0,0.0,0.0,0.0,0.0,0.0,31.2,4.83,18.32,PREOCUPANTE,treino
59,8,2026-10-08,MOD-03,Controle de Missão,controle,1,0x3B,-57.89,1.149,1.18,226.15,19.96,4513.95,6600.0,32.67,35.47,ativo,4,Operação nominal,0.0,0.0,1.0,0.0,0.0,0.0,0.0,37.95,5.28,16.16,PREOCUPANTE,treino
60,8,2026-10-08,MOD-04,Laboratório Científico,laboratorio,0,0x4B,-7.27,0.834,1.93,238.07,23.02,5480.37,6200.0,58.44,57.28,ativo,2,Operação nominal,0.0,0.0,0.0,0.0,1.0,0.0,0.0,59.77,1.33,2.28,ACEITÁVEL,treino
61,8,2026-10-08,MOD-05,Suporte Médico,suporte_medico,1,0x5B,-22.59,0.887,1.67,239.4,29.61,7088.63,7000.0,47.24,50.51,manutencao,4,Manutenção preventiva agendada,0.0,0.0,0.0,0.0,0.0,0.0,1.0,50.74,3.5,7.41,ATENÇÃO,treino
62,8,2026-10-08,MOD-06,Estufa Agrícola,agricultura,0,0x6B,-18.38,1.19,1.22,239.56,15.29,3662.87,6400.0,59.06,62.41,ativo,1,Operação nominal,0.0,0.0,0.0,0.0,0.0,0.0,0.0,61.33,2.27,3.84,ACEITÁVEL,treino
63,8,2026-10-08,MOD-07,Armazenamento de Dados,armazenamento_dados,0,0x7B,9.92,0.526,0.99,220.97,7.73,1708.1,6300.0,27.19,30.36,ativo,2,Operação nominal,1.0,0.0,0.0,0.0,0.0,0.0,0.0,31.17,3.98,14.64,ATENÇÃO,teste
64,8,2026-10-08,MOD-08,Produção de Oxigênio,producao_oxigenio,1,0x8A,8.07,0.534,0.66,232.44,26.45,6148.04,6900.0,43.39,50.48,manutencao,4,Manutenção preventiva agendada,0.0,0.0,0.0,0.0,0.0,1.0,0.0,46.26,2.87,6.61,ATENÇÃO,treino
65,9,2026-10-09,MOD-01,Habitação Alfa,habitacao,1,0x1A,16.13,0.97,0.67,237.06,13.7,3247.72,6800.0,34.83,47.29,ativo,3,Operação nominal,0.0,0.0,0.0,1.0,0.0,0.0,0.0,38.61,3.78,10.85,ATENÇÃO,teste
66,9,2026-10-09,MOD-02,Comunicação Central,comunicacao,1,0x2A,15.36,0.631,0.3,226.84,22.94,5203.71,6500.0,29.03,35.31,ativo,4,Operação nominal,0.0,1.0,0.0,0.0,0.0,0.0,0.0,28.38,0.65,2.24,ACEITÁVEL,teste
67,9,2026-10-09,MOD-03,Controle de Missão,controle,1,0x3A,-11.14,1.198,1.78,231.9,14.81,3434.44,6600.0,33.35,31.91,ativo,3,Operação nominal,0.0,0.0,1.0,0.0,0.0,0.0,0.0,36.58,3.23,9.69,ATENÇÃO,treino
68,9,2026-10-09,MOD-04,Laboratório Científico,laboratorio,0,0x4A,-42.83,0.512,1.19,232.69,13.58,3159.93,6200.0,50.12,51.16,ativo,2,Operação nominal,0.0,0.0,0.0,0.0,1.0,0.0,0.0,52.44,2.32,4.63,ACEITÁVEL,treino
69,9,2026-10-09,MOD-05,Suporte Médico,suporte_medico,1,0x5A,16.24,0.665,0.88,238.18,18.24,4344.4,7000.0,38.46,39.47,ativo,4,Operação nominal,0.0,0.0,0.0,0.0,0.0,0.0,1.0,37.92,0.54,1.4,ACEITÁVEL,treino
70,9,2026-10-09,MOD-06,Estufa Agrícola,agricultura,0,0x6B,-32.59,0.609,2.2,225.66,19.04,4296.57,6400.0,73.66,65.28,ativo,2,Operação nominal,0.0,0.0,0.0,0.0,0.0,0.0,0.0,71.72,1.94,2.63,ACEITÁVEL,treino
71,9,2026-10-09,MOD-07,Armazenamento de Dados,armazenamento_dados,0,0x7B,-2.66,1.07,2.27,235.75,9.63,2270.27,6300.0,36.68,32.6,ativo,2,Operação nominal,1.0,0.0,0.0,0.0,0.0,0.0,0.0,34.29,2.39,6.52,ATENÇÃO,teste
72,9,2026-10-09,MOD-08,Produção de Oxigênio,producao_oxigenio,1,0x8A,-23.2,0.525,2.4,222.06,6.03,1339.02,6900.0,42.29,33.7,alerta,4,Radiação elevada no módulo,0.0,0.0,0.0,0.0,0.0,1.0,0.0,43.19,0.9,2.13,ACEITÁVEL,treino
73,10,2026-10-10,MOD-01,Habitação Alfa,habitacao,1,0x1A,-55.67,0.578,1.02,221.21,22.45,4966.16,6800.0,47.73,48.99,ativo,3,Operação nominal,0.0,0.0,0.0,1.0,0.0,0.0,0.0,52.28,4.55,9.53,ATENÇÃO,treino
74,10,2026-10-10,MOD-02,Comunicação Central,comunicacao,1,0x2A,-50.47,1.104,0.1,230.16,17.24,3967.96,6500.0,25.57,29.34,ativo,4,Operação nominal,0.0,1.0,0.0,0.0,0.0,0.0,0.0,23.36,2.21,8.64,ATENÇÃO,teste
75,10,2026-10-10,MOD-03,Controle de Missão,controle,1,0x3B,-32.59,0.67,1.25,233.67,10.71,2502.61,6600.0,25.19,29.79,ativo,4,Operação nominal,0.0,0.0,1.0,0.0,0.0,0.0,0.0,32.29,7.1,28.19,PREOCUPANTE,treino
76,10,2026-10-10,MOD-04,Laboratório Científico,laboratorio,0,0x4B,-47.21,0.533,0.43,238.38,5.23,1246.73,6200.0,53.16,46.52,ativo,1,Operação nominal,0.0,0.0,0.0,0.0,1.0,0.0,0.0,43.43,9.73,18.3,PREOCUPANTE,treino
77,10,2026-10-10,MOD-05,Suporte Médico,suporte_medico,1,0x5B,-9.83,1.095,0.11,237.07,20.48,4855.19,7000.0,34.85,44.08,ativo,3,Operação nominal,0.0,0.0,0.0,0.0,0.0,0.0,1.0,36.58,1.73,4.96,ACEITÁVEL,treino
78,10,2026-10-10,MOD-06,Estufa Agrícola,agricultura,0,0x6A,-21.37,0.922,2.46,227.23,25.33,5755.74,6400.0,79.57,70.12,alerta,2,Radiação elevada no módulo,0.0,0.0,0.0,0.0,0.0,0.0,0.0,75.28,4.29,5.39,ATENÇÃO,treino
79,10,2026-10-10,MOD-07,Armazenamento de Dados,armazenamento_dados,0,0x7A,-33.0,0.555,0.17,226.93,5.48,1243.58,6300.0,27.66,28.17,ativo,2,Operação nominal,1.0,0.0,0.0,0.0,0.0,0.0,0.0,26.02,1.64,5.93,ATENÇÃO,treino
80,10,2026-10-10,MOD-08,Produção de Oxigênio,producao_oxigenio,1,0x8A,15.65,0.916,0.4,222.87,22.33,4976.69,6900.0,37.86,47.33,manutencao,4,Manutenção preventiva agendada,0.0,0.0,0.0,0.0,0.0,1.0,0.0,40.61,2.75,7.26,ATENÇÃO,treino
81,11,2026-10-11,MOD-01,Habitação Alfa,habitacao,1,0x1B,24.41,0.909,0.4,237.95,27.01,6427.03,6800.0,48.52,54.08,manutencao,3,Manutenção preventiva agendada,0.0,0.0,0.0,1.0,0.0,0.0,0.0,47.23,1.29,2.66,ACEITÁVEL,treino
82,11,2026-10-11,MOD-02,Comunicação Central,comunicacao,1,0x2B,-34.95,0.965,2.11,220.36,19.89,4382.96,6500.0,38.12,33.21,ativo,3,Operação nominal,0.0,1.0,0.0,0.0,0.0,0.0,0.0,37.69,0.43,1.13,ACEITÁVEL,treino
83,11,2026-10-11,MOD-03,Controle de Missão,controle,1,0x3B,-26.33,0.974,1.84,231.34,23.96,5542.91,6600.0,41.95,37.38,manutencao,3,Manutenção preventiva agendada,0.0,0.0,1.0,0.0,0.0,0.0,0.0,45.01,3.06,7.29,ATENÇÃO,treino
84,11,2026-10-11,MOD-04,Laboratório Científico,laboratorio,0,0x4A,-15.78,0.786,0.33,237.79,14.88,3538.32,6200.0,43.83,52.86,ativo,2,Operação nominal,0.0,0.0,0.0,0.0,1.0,0.0,0.0,46.32,2.49,5.68,ATENÇÃO,treino
85,11,2026-10-11,MOD-05,Suporte Médico,suporte_medico,1,0x5B,13.01,1.139,0.61,229.4,23.34,5354.2,7000.0,39.35,45.09,ativo,4,Operação nominal,0.0,0.0,0.0,0.0,0.0,0.0,1.0,38.88,0.47,1.19,ACEITÁVEL,treino
86,11,2026-10-11,MOD-06,Estufa Agrícola,agricultura,0,0x6A,6.55,0.899,0.35,238.08,26.64,6342.45,6400.0,68.23,70.13,ativo,1,Operação nominal,0.0,0.0,0.0,0.0,0.0,0.0,0.0,66.28,1.95,2.86,ACEITÁVEL,treino
87,11,2026-10-11,MOD-07,Armazenamento de Dados,armazenamento_dados,0,0x7B,23.23,0.764,1.83,237.75,14.87,3535.34,6300.0,40.27,35.97,ativo,1,Operação nominal,1.0,0.0,0.0,0.0,0.0,0.0,0.0,37.99,2.28,5.66,ATENÇÃO,treino
88,11,2026-10-11,MOD-08,Produção de Oxigênio,producao_oxigenio,1,0x8B,19.51,0.827,0.57,227.54,14.85,3378.97,6900.0,37.99,42.15,ativo,3,Operação nominal,0.0,0.0,0.0,0.0,0.0,1.0,0.0,38.04,0.05,0.13,ACEITÁVEL,treino
89,12,2026-10-12,MOD-01,Habitação Alfa,habitacao,1,0x1A,-39.29,0.569,1.91,237.62,11.95,2839.56,6800.0,46.59,44.35,ativo,3,Operação nominal,0.0,0.0,0.0,1.0,0.0,0.0,0.0,47.14,0.55,1.18,ACEITÁVEL,teste
90,12,2026-10-12,MOD-02,Comunicação Central,comunicacao,1,0x2B,-56.16,0.837,2.4,233.05,17.39,4052.74,6500.0,40.81,29.2,alerta,3,Latência acima do previsto,0.0,1.0,0.0,0.0,0.0,0.0,0.0,37.62,3.19,7.82,ATENÇÃO,teste
91,12,2026-10-12,MOD-03,Controle de Missão,controle,1,0x3B,16.64,1.189,2.46,239.06,6.8,1625.61,6600.0,34.76,27.17,alerta,4,Radiação elevada no módulo,0.0,0.0,1.0,0.0,0.0,0.0,0.0,30.28,4.48,12.89,ATENÇÃO,treino
92,12,2026-10-12,MOD-04,Laboratório Científico,laboratorio,0,0x4A,-7.58,0.88,0.5,225.07,9.01,2027.88,6200.0,39.93,49.13,ativo,2,Operação nominal,0.0,0.0,0.0,0.0,1.0,0.0,0.0,44.02,4.09,10.24,ATENÇÃO,teste
93,12,2026-10-12,MOD-05,Suporte Médico,suporte_medico,1,0x5B,-25.59,1.032,1.95,224.14,28.54,6396.96,7000.0,48.78,50.25,ativo,3,Operação nominal,0.0,0.0,0.0,0.0,0.0,0.0,1.0,52.77,3.99,8.18,ATENÇÃO,treino
94,12,2026-10-12,MOD-06,Estufa Agrícola,agricultura,0,0x6A,-44.74,0.789,1.18,224.91,22.76,5118.95,6400.0,63.67,68.51,ativo,2,Operação nominal,0.0,0.0,0.0,0.0,0.0,0.0,0.0,68.85,5.18,8.14,ATENÇÃO,treino
95,12,2026-10-12,MOD-07,Armazenamento de Dados,armazenamento_dados,0,0x7A,-39.19,0.613,2.36,237.76,24.43,5808.48,6300.0,50.88,42.26,alerta,2,Radiação elevada no módulo,1.0,0.0,0.0,0.0,0.0,0.0,0.0,49.01,1.87,3.68,ACEITÁVEL,treino
96,12,2026-10-12,MOD-08,Produção de Oxigênio,producao_oxigenio,1,0x8A,-48.8,0.588,2.39,229.64,28.83,6620.52,6900.0,58.7,52.17,alerta,4,Radiação elevada no módulo,0.0,0.0,0.0,0.0,0.0,1.0,0.0,58.29,0.41,0.7,ACEITÁVEL,treino
97,13,2026-10-13,MOD-01,Habitação Alfa,habitacao,1,0x1B,-49.89,1.142,0.87,232.16,16.63,3860.82,6800.0,44.81,46.87,ativo,3,Operação nominal,0.0,0.0,0.0,1.0,0.0,0.0,0.0,43.86,0.95,2.12,ACEITÁVEL,treino
98,13,2026-10-13,MOD-02,Comunicação Central,comunicacao,1,0x2B,3.04,0.828,0.47,238.41,13.53,3225.69,6500.0,21.17,27.96,ativo,3,Operação nominal,0.0,1.0,0.0,0.0,0.0,0.0,0.0,22.62,1.45,6.85,ATENÇÃO,treino
99,13,2026-10-13,MOD-03,Controle de Missão,controle,1,0x3A,7.46,0.648,2.32,228.76,20.98,4799.38,6600.0,42.59,36.36,manutencao,3,Manutenção preventiva agendada,0.0,0.0,1.0,0.0,0.0,0.0,0.0,45.75,3.16,7.42,ATENÇÃO,treino
100,13,2026-10-13,MOD-04,Laboratório Científico,laboratorio,0,0x4B,-49.03,0.607,1.62,227.86,28.05,6391.47,6200.0,65.95,60.17,alerta,2,Sobrecarga de potência no barramento,0.0,0.0,0.0,0.0,1.0,0.0,0.0,64.84,1.11,1.68,ACEITÁVEL,treino
101,13,2026-10-13,MOD-05,Suporte Médico,suporte_medico,1,0x5B,-19.81,1.165,0.92,223.54,21.95,4906.7,7000.0,64.65,44.09,alerta,3,Latência acima do previsto,0.0,0.0,0.0,0.0,0.0,0.0,1.0,42.6,22.05,34.11,PREOCUPANTE,treino
102,13,2026-10-13,MOD-06,Estufa Agrícola,agricultura,0,0x6B,-14.83,0.962,0.83,238.95,14.16,3383.53,6400.0,58.5,63.47,ativo,2,Operação nominal,0.0,0.0,0.0,0.0,0.0,0.0,0.0,57.84,0.66,1.13,ACEITÁVEL,treino
103,13,2026-10-13,MOD-07,Armazenamento de Dados,armazenamento_dados,0,0x7B,17.1,0.794,1.65,226.85,15.2,3448.12,6300.0,36.86,35.98,ativo,1,Operação nominal,1.0,0.0,0.0,0.0,0.0,0.0,0.0,38.7,1.84,4.99,ACEITÁVEL,treino
104,13,2026-10-13,MOD-08,Produção de Oxigênio,producao_oxigenio,1,0x8A,-3.65,0.514,0.88,223.96,24.45,5475.82,6900.0,40.99,46.77,ativo,4,Operação nominal,0.0,0.0,0.0,0.0,0.0,1.0,0.0,46.84,5.85,14.27,ATENÇÃO,treino
105,14,2026-10-14,MOD-01,Habitação Alfa,habitacao,1,0x1A,-48.21,0.698,1.72,238.21,10.06,2396.39,6800.0,44.08,42.81,ativo,4,Operação nominal,0.0,0.0,0.0,1.0,0.0,0.0,0.0,42.7,1.38,3.13,ACEITÁVEL,teste
106,14,2026-10-14,MOD-02,Comunicação Central,comunicacao,1,0x2A,-6.83,0.724,2.44,227.99,22.14,5047.7,6500.0,42.37,34.63,alerta,3,Radiação elevada no módulo,0.0,1.0,0.0,0.0,0.0,0.0,0.0,40.34,2.03,4.79,ACEITÁVEL,treino
107,14,2026-10-14,MOD-03,Controle de Missão,controle,1,0x3B,19.55,1.098,0.87,230.89,17.25,3982.85,6600.0,27.67,34.05,ativo,4,Operação nominal,0.0,0.0,1.0,0.0,0.0,0.0,0.0,31.61,3.94,14.24,ATENÇÃO,treino
108,14,2026-10-14,MOD-04,Laboratório Científico,laboratorio,0,0x4A,11.68,1.185,1.89,235.29,24.06,5661.08,6200.0,65.18,61.43,ativo,2,Operação nominal,0.0,0.0,0.0,0.0,1.0,0.0,0.0,58.2,6.98,10.71,ATENÇÃO,teste
109,14,2026-10-14,MOD-05,Suporte Médico,suporte_medico,1,0x5B,-38.09,0.91,1.08,224.38,25.4,5699.25,7000.0,43.77,47.23,ativo,3,Operação nominal,0.0,0.0,0.0,0.0,0.0,0.0,1.0,47.44,3.67,8.38,ATENÇÃO,treino
110,14,2026-10-14,MOD-06,Estufa Agrícola,agricultura,0,0x6B,11.33,0.597,1.96,222.31,14.75,3279.07,6400.0,65.57,60.24,ativo,1,Operação nominal,0.0,0.0,0.0,0.0,0.0,0.0,0.0,68.28,2.71,4.13,ACEITÁVEL,teste
111,14,2026-10-14,MOD-07,Armazenamento de Dados,armazenamento_dados,0,0x7B,19.3,1.187,0.27,222.76,24.77,5517.77,6300.0,34.68,41.62,ativo,2,Operação nominal,1.0,0.0,0.0,0.0,0.0,0.0,0.0,34.98,0.3,0.87,ACEITÁVEL,treino
112,14,2026-10-14,MOD-08,Produção de Oxigênio,producao_oxigenio,1,0x8B,-45.01,0.796,1.43,230.02,22.15,5094.94,6900.0,50.71,47.47,ativo,4,Operação nominal,0.0,0.0,0.0,0.0,0.0,1.0,0.0,47.8,2.91,5.74,ATENÇÃO,treino
113,15,2026-10-15,MOD-01,Habitação Alfa,habitacao,1,0x1B,23.02,0.723,1.21,228.5,6.29,1437.27,6800.0,38.87,39.83,ativo,4,Operação nominal,0.0,0.0,0.0,1.0,0.0,0.0,0.0,36.42,2.45,6.3,ATENÇÃO,treino
114,15,2026-10-15,MOD-02,Comunicação Central,comunicacao,1,0x2A,-24.58,0.725,1.9,236.03,17.28,4078.6,6500.0,34.69,31.0,ativo,3,Operação nominal,0.0,1.0,0.0,0.0,0.0,0.0,0.0,34.18,0.51,1.47,ACEITÁVEL,treino
115,15,2026-10-15,MOD-03,Controle de Missão,controle,1,0x3A,-14.62,0.547,0.23,220.01,15.91,3500.36,6600.0,58.84,32.27,alerta,3,Latência acima do previsto,0.0,0.0,1.0,0.0,0.0,0.0,0.0,34.22,24.62,41.84,PREOCUPANTE,treino
116,15,2026-10-15,MOD-04,Laboratório Científico,laboratorio,0,0x4B,13.17,1.076,1.39,236.38,7.32,1730.3,6200.0,45.83,47.03,ativo,1,Operação nominal,0.0,0.0,0.0,0.0,1.0,0.0,0.0,45.39,0.44,0.96,ACEITÁVEL,treino
117,15,2026-10-15,MOD-05,Suporte Médico,suporte_medico,1,0x5A,3.77,0.825,0.98,224.38,10.21,2290.92,7000.0,32.64,35.89,ativo,3,Operação nominal,0.0,0.0,0.0,0.0,0.0,0.0,1.0,35.83,3.19,9.77,ATENÇÃO,treino
118,15,2026-10-15,MOD-06,Estufa Agrícola,agricultura,0,0x6B,9.96,0.779,2.48,222.74,21.34,4753.27,6400.0,75.14,66.96,alerta,2,Radiação elevada no módulo,0.0,0.0,0.0,0.0,0.0,0.0,0.0,72.54,2.6,3.46,ACEITÁVEL,treino
119,15,2026-10-15,MOD-07,Armazenamento de Dados,armazenamento_dados,0,0x7A,-43.65,0.655,1.67,225.78,23.37,5276.48,6300.0,49.13,39.84,ativo,1,Operação nominal,1.0,0.0,0.0,0.0,0.0,0.0,0.0,47.2,1.93,3.93,ACEITÁVEL,treino
120,15,2026-10-15,MOD-08,Produção de Oxigênio,producao_oxigenio,1,0x8A,-55.8,0.921,1.27,225.2,15.47,3483.84,6900.0,40.37,42.37,ativo,4,Operação nominal,0.0,0.0,0.0,0.0,0.0,1.0,0.0,42.69,2.32,5.75,ATENÇÃO,treino
